{"game_height": 240, "game_width": 320, "window_title": "New Project v0.1", "fps": 60, "scale": 3, "sfx_volumen": 41.60000000000021, "music_volumen": 67.20000000000012}